"inj number"	"Name"	"samplenumber"	"weight (mg)"	"color"	"variety"	"location"	"year"	"species"	"preparation method"	"stage"	"plant"	"3-OH-benzaldehyde"	"anthranilic acid"	"4-aminobenzoic acid"	"p-hydroxybenzoic acid"	"Cinnamic acid"	"vanillin"	"acetovanillone"	"vanillic acid"	"benzoic acid"	"gallic acid"	"2,6-diOH-benzoic acid"	"2,5-diOH-benzoic acid"	"protocatechuic acid"	"methyl gallate"	"syringaldehyde"	"syringic acid"	"methyl anthranilate"	"ellagic acid"	"umbelliferone"	"esculetin"	"daphnetin"	"scopoletin"	"esculin"	"fraxin"	"p-coumaric acid"	"m-coumaric acid"	"caffeic acid"	"ferulic acid"	"sinapic acid"	"caftaric acid"	"neochlorogenic acid"	"cryptochlorogenic acid"	"chlorogenic acid"	"1,3-dicaffeoylquinic acid"	"coniferyl alcohol"	"sinapyl alcohol"	"fertaric acid"	"t-coutaric acid"	"raspberry ketone"	"cis-resveratrol"	"trans-piceid"	"cis-piceid"	"astringin"	"isorhapontin"	"phloretin"	"phlorizin"	"trilobatin"	"morin"	"luteolin"	"luteolin-7-O-Glc"	"orientin"	"apigenin-7-glc"	"naringenin"	"naringenin-7-glucoside"	"hesperitin"	"catechin"	"epicatechin"	"epigallocatechin"	"gallocatechin"	"epicatechin gallate"	"procyanidin A2"	"procyanidin B1"	"procyanidin B2 + B4"	"procyanidin B3"	"kaempferol "	"quercetin"	"taxifolin"	"isorhamnetin"	"myricetin"	"laricitrin"	"syringetin"	"quercetin-3-sulfate"	"quercetin-3-Rha"	"kaempferol-3-Glc"	"myricitrin"	"quercetin-3-Glc"	"quercetin-3-Gal"	"quercetin-4-Glc"	"isorhamnetin-3-Glc"	"quercetin-3-Glc acetyl"	"syringetin-3-Glc+syringetin-3-Gal"	"kaempferol-3-rutinoside"	"quercetin-3-Glc-Ara"	"rutin"	"isorhamnetin-3-rutinoside"	"quercetin-3,4-diglucoside"	"robinin"	"dihydrokaempferol"	"quercetin-3-glucuronide"	" kaempferol-3-glucuronide"
190	"Abliss-VG-stg5-Plant1"	165	200	"R"	"Abliss"	"vigalzano "	2011	"Rubus"	"Acetone2011october"	5	1	0.0000	5.0240	0.0000	1.2760	0.5430	0.2920	0.0000	0.0000	0.0000	0.0000	0.0000	0.0000	0.0000	0.0000	0.0000	0.0000	0.0000	86.2610	0.0000	0.0000	0.0000	0.0000	0.0000	0.0000	0.1690	0.0000	0.5740	0.0000	0.0000	0.0000	0.0000	0.0000	0.0000	0.0000	3.4280	1.9260	0.0000	0.1060	1.3780	0.0000	0.1570	0.0900	0.0000	0.0000	0.0000	1.0740	0.2680	0.0000	0.0000	0.0000	0.0000	0.0000	0.1200	0.0000	0.0000	42.7190	276.6260	0.0000	0.0000	0.1810	0.0000	3.1310	539.2300	204.3400	0.0000	4.9740	0.8720	0.0000	0.0000	0.0000	0.0000	0.0000	0.0000	1.3110	0.0000	4.1970	6.6620	0.0000	0.0000	0.0000	0.0000	0.0000	0.0000	3.9280	0.0000	0.6730	0.0000	0.0000	34.1340	1.7760
153	"Abliss-VG-stg5-Plant2"	166	150	"R"	"Abliss"	"vigalzano "	2011	"Rubus"	"Acetone2011october"	5	2	0.0000	0.0440	0.0000	1.0827	0.6067	0.0933	0.0000	0.0000	0.0000	0.0000	0.0000	0.0000	0.0000	0.0000	0.0000	0.0000	0.0000	116.2413	0.0000	0.0000	0.0000	0.0000	0.0000	0.0000	0.0000	0.0000	1.2053	0.1293	0.0000	0.0000	0.0000	0.0000	0.0000	0.0000	3.5040	3.3880	0.0000	0.0000	8.4333	0.0000	0.1667	0.1133	0.0000	0.0000	0.0000	0.5427	0.2693	0.0000	0.0000	0.0000	0.0000	0.0000	0.1733	0.8360	0.0000	48.8893	404.8840	0.0000	0.0000	0.2867	0.0000	1.3307	706.6453	201.2547	0.0000	4.7640	0.1813	0.0000	0.0000	0.0000	0.0000	0.0000	0.0000	0.8373	0.0000	4.8600	6.3453	0.1507	0.0000	0.0000	0.0000	0.0000	0.0000	12.1547	0.1853	2.2440	0.0000	0.3000	36.6560	1.8693
117	"Abliss-VG-stg5-Plant3"	167	220	"R"	"Abliss"	"vigalzano "	2011	"Rubus"	"Acetone2011october"	5	3	0.0000	2.6036	0.0000	0.5445	1.5191	0.1736	0.0000	0.0000	0.0000	0.0000	0.0000	0.0000	0.0000	0.0000	0.0000	0.0000	0.0000	177.3227	0.0000	0.0000	0.0000	0.0000	0.0000	0.0000	0.0000	0.0000	0.7109	0.1191	0.0000	0.0000	0.0000	0.0000	0.0000	0.0000	2.0718	1.6064	0.0000	0.0000	2.6836	0.0000	0.2864	0.0627	0.0000	0.0000	0.0000	0.8182	0.2227	0.0000	0.0000	0.0000	0.0000	0.0000	0.1645	0.0000	0.0000	31.1618	370.3118	0.0000	0.3209	0.3191	0.0000	0.8564	714.3355	202.7255	0.0000	4.9482	0.3909	0.0000	0.0000	0.0000	0.0000	0.0000	0.0000	1.6218	0.0000	7.7227	6.7536	0.0000	0.1700	0.0000	0.0000	0.5909	0.0000	10.4909	0.0573	1.9282	0.0000	0.0000	56.2809	3.9855
130	"Abliss-VG-stg5-Plant4"	168	150	"R"	"Abliss"	"vigalzano "	2011	"Rubus"	"Acetone2011october"	5	4	0.0000	0.3147	0.0000	0.0000	0.4520	0.1667	0.0000	0.0000	0.0000	0.0000	0.0000	0.0000	0.0000	0.0000	0.0000	0.0000	0.0000	116.8293	0.0000	0.0000	0.0000	0.0000	0.0893	0.0000	0.2333	0.0000	0.8840	0.1867	0.0000	0.0000	0.0000	0.0000	0.0000	0.0000	2.8973	3.7573	0.0000	0.0000	8.6987	0.0000	0.1800	0.1933	0.0000	0.0000	0.0000	0.8947	0.0000	0.0000	0.0000	0.0000	0.0000	0.0000	0.1187	0.0000	0.0000	50.8013	382.7120	0.0000	0.3907	0.3253	0.0000	2.5520	667.4800	221.6333	0.0000	4.8400	0.7213	0.0000	0.0000	0.0000	0.0000	0.0000	0.0000	1.3973	0.0000	3.8227	8.4893	0.0000	0.1640	0.0000	0.0000	0.0000	0.0000	14.3400	0.0547	2.7200	0.0000	0.0000	51.6400	3.2240
36	"Abliss-VG-stg5-Plant5"	169	320	"R"	"Abliss"	"vigalzano "	2011	"Rubus"	"Acetone2011october"	5	5	0.0000	0.0488	0.0100	0.0000	0.0925	0.0650	0.0000	0.0000	0.0000	0.0000	0.0000	0.0000	0.0000	0.0000	0.0000	0.0000	0.0000	50.4850	0.0000	0.0000	0.0000	0.0000	0.0000	0.0000	0.0000	0.0000	0.6094	0.1438	0.0000	0.0000	0.0000	0.0000	0.0000	0.0000	1.8275	1.3263	0.0000	0.0000	0.8681	0.0000	0.0806	0.0506	0.0000	0.0000	0.0000	0.4363	0.1569	0.0000	0.0000	0.0000	0.0000	0.0000	0.0538	0.0000	0.0000	11.4294	140.6056	0.0000	0.0000	0.0894	0.0000	1.3275	289.3681	62.8581	0.0000	1.6331	0.1063	0.0000	0.0000	0.0000	0.0000	0.0000	0.0000	0.0000	0.0000	1.2419	6.6756	0.0000	0.0669	0.0000	0.0000	0.0575	0.0000	4.6238	0.0000	0.4813	0.0000	0.0000	6.8231	0.4275
77	"Abliss-VG-stg5-Plant6"	170	260	"R"	"Abliss"	"vigalzano "	2011	"Rubus"	"Acetone2011october"	5	6	0.0000	4.1662	0.0369	0.0000	0.7246	0.2431	0.0000	0.0000	0.0000	0.0000	0.0000	0.0000	0.0000	0.0000	0.0000	0.0000	0.0000	91.7385	0.0000	0.0000	0.0000	0.0000	0.0000	0.0000	0.2054	0.0000	0.3700	0.1454	0.6523	0.0000	0.0000	0.0000	0.0000	0.0000	1.7685	2.7254	0.0000	0.0708	2.3800	0.0000	0.1469	0.1669	0.0000	0.0000	0.0000	0.5092	0.5585	0.0000	0.0000	0.0000	0.0000	0.0000	0.1608	0.0000	0.0000	23.8500	283.9854	0.0000	0.0000	0.2962	0.0000	0.5377	526.3338	168.1385	0.0000	2.8000	0.0000	0.0000	0.0000	0.0000	0.0000	0.0000	0.0000	0.0000	0.0000	1.3262	1.7723	0.0000	0.0000	0.0000	0.0000	0.0000	0.0000	5.4746	0.0000	0.5715	0.0000	0.0000	6.1623	0.0000
8	"Abliss-VG-stg5-Plant7"	171	200	"R"	"Abliss"	"vigalzano "	2011	"Rubus"	"Acetone2011october"	5	7	0.0000	0.7220	0.0420	0.0000	0.7300	0.2380	0.0000	0.0000	0.0000	0.0000	0.0000	0.0000	0.0000	0.0000	0.0000	0.0000	0.0000	165.7020	0.0000	0.0000	0.0000	0.0000	0.0550	0.0000	0.0000	0.0000	1.0390	0.2260	0.4440	0.0000	0.0000	0.0000	0.0000	0.0000	1.9690	3.2780	0.0000	0.0000	3.6280	0.0000	0.2370	0.1960	0.0000	0.0000	0.0000	0.7450	0.2090	0.0000	0.0000	0.0000	0.0000	0.0000	0.1650	0.0000	0.0000	31.9720	291.3480	0.0000	0.0000	0.4720	0.0000	1.9380	668.3760	181.0940	0.0000	3.6960	0.2170	0.0000	0.0000	0.0000	0.0000	0.0000	0.0000	0.0000	0.0000	2.0500	3.7230	0.0000	0.0000	0.0000	0.0000	0.0000	0.0000	9.5780	0.0520	0.3960	0.0000	0.5530	28.7060	1.3110
15	"Her-VG-stg5-Plant1"	155	280	"R"	"Her"	"vigalzano "	2011	"Rubus"	"Acetone2011october"	5	1	0.0000	0.1093	0.0121	0.0000	0.1321	0.2871	0.0000	0.0000	0.0000	0.0000	0.0000	0.0000	0.0000	0.0000	0.0000	0.0000	0.0000	204.4586	0.0000	0.0000	0.0000	0.0000	0.1221	0.0000	0.0000	0.0000	1.4129	0.6364	1.0743	0.0000	0.0000	0.0000	2.2343	0.0000	15.0779	9.5107	0.0000	0.0643	3.8971	0.0000	0.2571	0.1643	0.0000	0.0000	0.0000	0.7407	0.4693	0.0000	0.0000	0.0000	0.0000	0.0000	0.0579	0.4214	0.0000	3.9757	284.2407	0.0000	0.3864	0.2686	0.0000	1.4957	638.6743	90.3743	0.0000	2.8614	0.1407	0.0000	0.0000	0.0000	0.0000	0.0000	0.0000	3.3043	0.0000	24.7764	1.3157	0.5329	0.4143	0.1857	0.0000	0.0000	0.0000	0.0000	0.0000	13.2843	0.0000	0.1014	152.7800	14.3293
68	"Her-VG-stg5-Plant10"	164	150	"R"	"Her"	"vigalzano "	2011	"Rubus"	"Acetone2011october"	5	10	0.0000	0.1960	0.0000	0.4627	0.1893	0.3920	0.0000	0.0000	0.0000	0.0000	0.0000	0.0000	0.0000	0.0000	0.0000	0.0000	0.0000	328.1427	0.1440	0.0000	0.0000	0.0000	0.1293	0.0000	0.2520	0.0000	1.4760	0.1653	0.0000	0.0000	0.0000	0.0000	2.9920	0.0000	4.6693	4.8067	0.0000	0.0000	0.6787	0.0000	0.1573	0.0920	0.0000	0.0000	0.0000	0.7773	0.0000	0.0000	0.0000	0.0000	0.0000	0.0000	0.0947	0.0000	0.0000	14.9347	460.0693	0.0000	0.4573	0.4533	0.0000	0.0000	859.9827	111.8907	0.0000	3.0733	0.2827	0.0000	0.0000	0.0000	0.0000	0.0000	0.0000	1.8373	0.0000	19.5187	0.8373	0.3360	0.1667	0.0000	0.0000	0.0000	0.0000	0.0000	0.0000	6.8867	0.0000	0.0000	158.8253	21.0467
46	"Her-VG-stg5-Plant2"	156	200	"R"	"Her"	"vigalzano "	2011	"Rubus"	"Acetone2011october"	5	2	0.0000	0.0280	0.0000	0.0000	0.0000	0.2440	0.0000	0.0000	0.0000	0.0000	0.0000	0.0000	0.0000	0.0000	0.0000	0.0000	0.0000	225.7090	0.0000	0.0000	0.0000	0.0000	0.0000	0.0000	0.2000	0.0000	1.6710	0.5800	0.9740	0.0000	0.0000	0.0000	2.0620	0.0000	5.5670	6.5050	0.0000	0.0000	2.6820	0.0000	0.2710	0.2130	0.0000	0.0000	0.0000	0.3660	0.0000	0.0000	0.0000	0.0000	0.0000	0.0000	0.0000	0.0000	0.0000	4.0000	315.8380	0.0000	0.4130	0.4080	0.0000	0.6170	630.0010	80.1080	0.0000	2.7980	0.0000	0.0000	0.0000	0.0000	0.0000	0.0000	0.0000	3.1010	0.0000	20.3230	1.5230	0.5200	0.3510	0.0000	0.0000	0.0000	0.0000	0.0000	0.0000	15.3610	0.0000	0.0000	107.9120	8.0670
161	"Her-VG-stg5-Plant3"	157	180	"R"	"Her"	"vigalzano "	2011	"Rubus"	"Acetone2011october"	5	3	0.0000	0.0622	0.0000	0.0000	0.1656	0.2678	0.0000	0.0000	0.0000	0.0000	0.0000	0.0000	0.0000	0.0000	0.0000	0.0000	0.0000	249.8511	0.0000	0.0000	0.0000	0.0000	0.0789	0.0000	0.0000	0.0000	1.8833	0.5756	0.0000	0.0000	0.0000	0.0000	2.4811	0.0000	13.2689	9.1211	0.0000	0.0000	5.5767	0.0000	0.3000	0.1456	0.0000	0.0000	0.0000	0.4189	0.0000	0.0000	0.0000	0.0000	0.0000	0.0000	0.0000	0.0000	0.0000	2.5133	300.1633	0.0000	0.2789	0.2689	0.0000	0.6233	504.5889	47.3722	0.0000	2.9200	0.0000	0.0000	0.0000	0.0000	0.0000	0.0000	0.0000	0.6500	0.0000	11.5678	0.7411	0.3178	0.2522	0.0000	0.0000	0.0000	0.0000	0.0000	0.0000	20.5478	0.0000	0.0000	56.0178	2.7033
137	"Her-VG-stg5-Plant4"	158	150	"R"	"Her"	"vigalzano "	2011	"Rubus"	"Acetone2011october"	5	4	0.0000	0.3520	0.0000	0.0000	0.0000	0.0920	0.0000	0.0000	0.0000	0.0000	0.0000	0.0000	0.0000	0.0000	0.0000	0.0000	0.0000	150.2480	0.0000	0.0000	0.0000	0.0000	0.0853	0.0000	0.3267	0.0000	2.1680	0.2573	0.0000	0.0000	0.0000	0.0000	3.8440	0.0000	10.1120	6.5400	0.0000	0.0000	2.2907	0.0000	0.2507	0.0000	0.0000	0.0000	0.0000	0.4627	0.0000	0.0000	0.0000	0.0000	0.0000	0.0000	0.0827	0.0000	0.0000	8.2147	344.2693	0.0000	0.8027	0.2080	0.0000	0.8547	612.0587	86.8573	0.0000	4.1360	0.0000	0.0000	0.0000	0.0000	0.0000	0.0000	0.0000	5.1093	0.0000	40.9413	4.0693	2.2600	0.9173	0.4880	0.0000	0.0000	0.3253	0.0000	0.0000	13.2387	0.0000	0.0000	419.1693	55.0293
35	"Her-VG-stg5-Plant5"	159	240	"R"	"Her"	"vigalzano "	2011	"Rubus"	"Acetone2011october"	5	5	0.0000	0.5700	0.0000	0.0000	0.3042	0.1725	0.0000	0.0000	0.0000	0.0000	0.0000	0.0000	0.0000	0.0000	0.0000	0.0000	0.0000	154.5983	0.0000	0.0000	0.0000	0.0000	0.0000	0.0000	0.2433	0.0000	0.4800	0.1550	0.6208	17.6883	0.0000	0.0000	0.0000	0.0000	3.4858	3.2975	0.0000	0.0000	2.2092	0.0000	0.1133	0.1392	0.0000	0.0000	0.0000	0.4883	0.0000	0.0000	0.0000	0.0000	0.0000	0.0000	0.1308	0.0000	0.0000	3.2900	203.9108	0.0000	0.5417	0.2475	0.0000	0.0000	405.4392	58.5317	0.0000	2.1808	0.1625	0.0000	0.0000	0.0000	0.0000	0.0000	0.0000	1.0008	0.0000	11.0308	0.6367	0.6325	0.3392	0.0000	0.0000	0.0000	0.0000	0.0000	0.0000	11.3633	0.0000	0.0000	57.4217	2.0150
195	"Her-VG-stg5-Plant6"	160	180	"R"	"Her"	"vigalzano "	2011	"Rubus"	"Acetone2011october"	5	6	0.0000	0.7111	0.0000	0.0000	0.9200	0.0000	0.0000	0.0000	0.0000	0.0000	0.0000	0.0000	0.0000	0.0000	0.0000	0.0000	0.0000	133.2533	0.0000	0.0000	0.0000	0.0000	0.0733	0.0000	0.2144	0.0000	0.8378	0.4022	0.0000	0.0000	0.0000	0.0000	2.4233	0.0000	10.0689	4.9178	0.0000	0.0000	2.1933	0.0000	0.1556	0.2156	0.0000	0.0000	0.0000	0.4222	0.2967	0.0000	0.0000	0.0000	0.0000	0.0000	0.1678	0.0000	0.0000	3.2122	274.3633	0.0000	0.4633	0.1722	0.0000	0.9344	417.4756	46.6578	0.0000	3.1122	0.3900	0.0000	0.0000	0.0000	0.0000	0.0000	0.0000	1.6756	0.0000	16.8156	0.9344	0.7811	0.5178	0.0000	0.0000	0.0000	0.0000	0.0000	0.0000	9.2856	0.0000	0.0000	127.9656	9.8978
156	"Her-VG-stg5-Plant7"	161	140	"R"	"Her"	"vigalzano "	2011	"Rubus"	"Acetone2011october"	5	7	0.0000	0.0000	0.0000	0.0000	0.2900	0.3743	0.0000	0.0000	0.0000	0.0000	0.0000	0.0000	0.0000	0.0000	0.0000	0.0000	0.0000	284.5129	0.0000	0.0000	0.0000	0.0000	0.0000	0.0000	0.0000	0.0000	0.8143	0.1843	0.0000	0.0000	0.0000	0.0000	0.0000	0.0000	5.3729	4.0086	0.0000	0.0000	1.9071	0.0000	0.2171	0.0943	0.0000	0.0000	0.0000	0.5029	0.0000	0.0000	0.0000	0.0000	0.0000	0.0000	0.0757	0.0000	0.0000	8.8771	400.3914	0.0000	0.5500	0.2271	0.0000	1.2800	663.2729	82.4457	0.0000	3.5443	0.1414	0.0000	0.0000	0.0000	0.0000	0.0000	0.0000	0.6757	0.0000	6.0243	0.7771	0.2714	0.2957	0.0000	0.0000	0.0000	0.3114	0.0000	0.0000	8.2029	0.0000	0.0000	19.9786	0.8386
29	"Her-VG-stg5-Plant8"	162	130	"R"	"Her"	"vigalzano "	2011	"Rubus"	"Acetone2011october"	5	8	0.0000	0.0185	0.0000	0.0000	0.4785	0.5400	0.0000	0.0000	0.0000	0.0000	0.0000	0.2908	0.0000	0.0000	0.0000	0.0000	0.0000	260.9985	0.0000	0.0000	0.0000	0.0000	0.0000	0.0000	0.0000	0.0000	1.8477	0.4815	0.0000	0.0000	0.0000	0.0000	3.7969	0.0000	22.7015	13.1308	0.0000	0.0000	3.6477	0.0000	0.3462	0.1246	0.0000	0.0000	0.0000	1.0308	0.0000	0.0000	0.0000	0.0000	0.0000	0.0000	0.1092	0.0000	0.0000	10.9554	432.6508	0.0000	0.8000	0.3062	0.0000	1.3677	838.0323	123.7354	0.0000	3.6938	0.0000	0.0000	0.0000	0.0000	0.0000	0.0000	0.0000	4.1585	0.0000	27.6646	0.0000	1.0492	0.5662	0.0000	0.0000	0.0000	0.0000	0.0000	0.0631	11.9431	0.0000	0.0000	215.5154	31.7892
75	"Her-VG-stg5-Plant9"	163	220	"R"	"Her"	"vigalzano "	2011	"Rubus"	"Acetone2011october"	5	8	0.0000	1.0209	0.0191	0.0000	0.2664	0.2045	0.0000	0.0000	0.0000	0.0000	0.0000	0.0000	0.0000	0.0000	0.0000	0.0000	0.0000	261.2000	0.0000	0.0000	0.0000	0.0000	0.0527	0.0000	0.6809	0.0000	1.6918	0.1827	0.0000	0.0000	0.0000	0.0000	1.9473	0.0000	4.1100	3.6573	0.0000	0.1045	1.5664	0.0000	0.1591	0.0973	0.0000	0.0000	0.0000	0.6418	0.0000	0.0000	0.0000	0.0000	0.0000	0.0000	0.1736	0.0000	0.0000	3.6200	322.6482	0.0000	0.4118	0.3509	0.0000	1.4218	612.5009	68.0273	0.0000	3.8709	0.2355	0.0000	0.0000	0.0000	0.0000	0.0000	0.0000	1.1900	0.0000	11.8518	2.0536	0.3227	0.2582	0.0000	0.0000	0.0000	0.0000	0.0000	0.0382	9.6427	0.0000	0.0000	89.7664	12.6836
96	"SR-BP-stg5-Plant1"	84	100	"R"	"SR"	"Berry plant"	2011	"Rubus"	"Acetone2011october"	5	1	0.0000	0.1480	0.0000	0.0000	0.9920	0.3180	0.0000	0.0000	0.0000	0.0000	0.0000	0.0000	0.0000	0.0000	0.0000	0.0000	0.0000	177.2400	0.0000	0.0000	0.0000	0.0000	0.0880	0.0000	0.5040	0.0000	2.4580	0.7680	3.3680	0.0000	0.0000	0.0000	0.0000	0.0000	11.7480	2.9880	0.0000	0.0000	9.2380	0.0000	0.1660	0.1540	0.0000	0.0000	0.0000	0.4640	0.0000	0.0000	0.0000	0.0000	0.0000	0.0000	0.1100	0.0000	0.0000	43.1940	459.3000	0.0000	0.0000	0.3920	0.0000	2.7820	768.3620	235.1080	0.0000	1.9840	0.0000	0.0000	0.0000	0.0000	0.0000	0.0000	0.0000	0.0000	0.0000	4.6700	31.5420	0.0000	0.1880	0.0000	0.0000	0.0000	0.0000	11.0460	0.0000	5.3620	0.0000	0.0000	30.8560	1.2260
84	"SR-BP-stg5-Plant2"	85	200	"R"	"SR"	"Berry plant"	2011	"Rubus"	"Acetone2011october"	5	2	0.0000	0.3850	0.0330	0.0000	0.8840	0.1140	0.0000	0.0000	0.0000	0.0000	0.0000	0.0000	0.0000	0.0000	0.0000	0.0000	0.0000	131.4200	0.0000	0.0000	0.0000	0.0000	0.0000	0.0000	0.9120	0.0000	1.2880	0.5810	0.8990	0.0000	0.0000	0.0000	0.0000	0.0000	3.5340	2.5560	0.0000	0.1770	2.6480	0.0000	0.1240	0.0630	0.0000	0.0000	0.0000	0.4140	0.1880	0.0000	0.0000	0.0000	0.0000	0.0000	0.2690	0.0000	0.0000	45.7680	403.5880	0.0000	0.2210	0.4270	0.0000	1.5290	752.7740	219.4160	0.0000	2.0110	0.0000	0.0000	0.0000	0.0000	0.0000	0.0000	0.0000	3.4720	0.0000	9.1180	64.8200	0.0000	0.1850	0.0000	0.0000	0.5360	0.0000	10.5560	0.0000	3.2710	0.0000	0.0000	56.8950	4.8350
27	"SR-BP-stg5-Plant3"	86	230	"R"	"SR"	"Berry plant"	2011	"Rubus"	"Acetone2011october"	5	3	0.0000	1.3017	0.0539	1.5730	1.2539	0.1383	0.0000	0.1417	0.0000	0.0000	0.0000	0.0000	0.0000	0.0000	0.0000	0.0000	0.0000	132.6957	0.0000	0.0000	0.0000	0.0000	0.0000	0.0000	1.5078	0.0000	1.7374	0.7522	1.3452	0.0000	0.0000	0.0000	0.0000	0.0000	1.3678	0.8409	0.0000	0.0000	5.9304	0.0000	0.1122	0.3183	0.0000	0.0000	0.0000	0.4304	0.4748	0.0000	0.0000	0.0000	0.0000	0.0426	0.1791	0.0000	0.0000	31.8748	323.6522	0.0000	0.0000	0.4600	0.0000	3.0730	705.9087	174.7122	0.0000	1.8965	0.0000	0.0000	0.0000	0.0000	0.0000	0.0000	0.0000	1.6678	0.0000	6.1843	42.8783	0.1000	0.0000	0.0000	0.0000	0.1652	0.0000	12.6496	0.1357	3.8478	0.0000	0.2252	42.8904	2.4191
147	"SR-BP-stg5-Plant4"	87	250	"R"	"SR"	"Berry plant"	2011	"Rubus"	"Acetone2011october"	5	4	0.0000	0.0464	0.1096	0.0000	0.3712	0.0672	0.0000	0.0000	0.0000	0.0000	0.0000	0.0000	0.0000	0.0000	0.0000	0.0000	0.0000	117.4416	0.0000	0.0000	0.0000	0.0000	0.0000	0.0000	0.2776	0.0000	0.9256	0.2600	0.9000	17.0328	0.0000	0.0000	0.0000	0.0000	9.1816	3.6720	0.0000	0.0000	5.4416	0.0000	0.1376	0.1136	0.0000	0.0000	0.0000	0.3768	0.1480	0.0000	0.0000	0.0000	0.0000	0.0000	0.1192	0.0000	0.0000	46.1408	367.0432	0.0000	0.0000	0.3232	0.0000	1.9120	696.8488	209.0776	0.0000	1.8208	0.1680	0.0000	0.0000	0.0000	0.0000	0.0000	0.0000	0.5248	0.0000	1.7784	9.3416	0.0000	0.0568	0.0000	0.0000	0.0000	0.1592	1.9544	0.0000	2.3944	0.0000	0.0000	6.6840	0.3720
82	"T-BP-stg5-Plant1"	64	150	"R"	"T"	"Berry plant"	2011	"Rubus"	"Acetone2011october"	5	1	0.0000	0.0000	0.0640	0.0000	0.3040	0.2773	0.0000	0.0000	0.0000	0.0000	0.0000	0.0000	0.0000	0.0000	0.0000	0.0000	0.0000	297.6067	0.0000	0.0000	0.0947	0.0000	0.0000	0.0000	2.0373	0.0000	0.9760	0.8827	0.0000	0.0000	0.0000	0.0000	0.0000	0.0000	0.8507	0.2960	0.0000	0.0000	2.6853	0.0000	0.2507	0.0867	0.0000	0.0000	0.0000	0.3627	0.2667	0.0000	0.0000	0.0000	0.0000	0.0000	0.0187	0.0000	0.0000	20.8413	319.4013	0.0000	0.0000	0.4520	0.0000	2.3347	470.0747	98.3693	0.0000	0.8893	0.1373	0.0000	0.0000	0.0000	0.0000	0.0000	0.0000	0.0000	0.0000	1.6587	5.1933	0.0000	0.1600	0.0000	0.0000	0.0000	0.1373	2.0813	0.0000	7.0600	0.0000	0.0000	0.6280	0.0000
112	"T-BP-stg5-Plant2"	65	180	"R"	"T"	"Berry plant"	2011	"Rubus"	"Acetone2011october"	5	2	0.0000	0.0000	0.1278	0.0000	0.6656	0.1200	0.0000	0.0000	0.0000	0.0000	0.0000	0.0000	0.0000	0.0000	0.0000	0.0000	0.0000	240.3111	0.0000	0.0000	0.0000	0.0000	0.0000	0.0000	2.1422	0.0000	1.4067	2.1789	1.3233	0.0000	0.0000	0.0000	0.0000	0.0000	1.1400	2.0044	0.0000	0.0000	2.1278	0.0000	0.3011	0.0800	0.0000	0.0000	0.0000	0.2644	0.3300	0.0000	0.0000	0.0000	0.0000	0.0000	0.0344	0.0000	0.0000	20.2767	294.5111	0.0000	0.0000	0.2133	0.0000	0.7000	491.4333	114.9856	0.0000	0.8211	0.0000	0.0000	0.0000	0.0000	0.0000	0.0000	0.0000	0.0000	0.0000	1.2544	3.6356	0.0000	0.0000	0.0000	0.0000	0.0900	0.1211	2.1111	0.0000	7.1589	0.0000	0.0000	0.8267	0.2589
189	"T-BP-stg5-Plant3"	66	220	"R"	"T"	"Berry plant"	2011	"Rubus"	"Acetone2011october"	5	3	0.0000	0.0000	0.4691	1.7600	2.8827	0.1500	0.0000	0.0000	0.0000	0.0000	0.0000	0.0000	0.0000	0.0000	0.0000	0.0000	0.0000	384.7973	0.0000	0.0000	0.0000	0.0000	0.0000	0.0000	1.5218	0.0000	2.3355	2.5236	1.0818	0.0000	0.0000	0.0000	0.0000	0.0000	0.6882	0.3345	0.0000	0.0000	4.0027	0.0000	0.1909	0.1091	0.0000	0.0000	0.0000	0.3864	0.2845	0.0000	0.0000	0.0000	0.0000	0.0000	0.0427	0.0000	0.0000	23.0618	192.9218	0.0000	0.0000	0.2636	0.0000	1.4891	432.0882	143.5791	0.0000	1.2236	0.0000	0.0000	0.0000	0.0000	0.0000	0.0000	0.0000	0.7145	0.0000	2.9364	19.0900	0.0000	0.0000	0.0000	0.0000	0.0000	0.1327	4.3964	0.0000	14.1700	0.0000	0.0000	5.1918	0.1473
100	"T-BP-stg5-Plant4"	67	180	"R"	"T"	"Berry plant"	2011	"Rubus"	"Acetone2011october"	5	4	0.0000	0.0000	0.1033	0.0000	0.3544	0.2144	0.0000	0.0000	0.0000	0.0000	0.0000	0.0000	0.0000	0.0000	0.0000	0.0000	0.0000	189.4400	0.0000	0.0000	0.0744	0.0000	0.0000	0.0000	1.7444	0.0000	0.9189	0.7044	0.0000	0.0000	0.0000	0.0000	0.0000	0.0000	0.4911	0.7367	0.0000	0.1133	3.2367	0.0000	0.2478	0.1322	0.0000	0.0000	0.0000	0.2478	0.1667	0.0000	0.0000	0.0000	0.0000	0.0000	0.1933	0.0000	0.0000	27.2467	451.9622	0.0000	0.0000	0.5456	0.0000	1.9111	597.8633	116.8544	0.0000	2.0300	0.0000	0.0000	0.0000	0.0000	0.0000	0.0000	0.0000	0.5922	0.0000	4.1578	38.8078	0.0000	0.0733	0.0000	0.0000	0.0000	0.0000	8.2300	0.0000	11.2644	0.0000	0.0000	23.4489	1.2256
138	"T-BP-stg5-Plant5"	68	260	"R"	"T"	"Berry plant"	2011	"Rubus"	"Acetone2011october"	5	5	0.0000	0.2977	0.0000	0.0000	0.0762	0.1054	0.0000	0.0000	0.0000	0.0000	0.0000	0.0000	0.0000	0.0000	0.0000	0.0000	0.0000	84.5131	0.0000	0.0000	0.0000	0.0000	0.0000	0.0000	3.8962	0.0000	2.1708	1.2385	0.8215	0.0000	0.0000	0.0000	1.7123	0.0000	1.0323	1.1531	0.0000	0.0831	4.0254	0.0000	0.0831	0.1685	0.0000	0.0000	0.0000	0.3423	0.4408	0.0000	0.0000	0.0000	0.0000	0.0000	0.0738	0.0000	0.0000	22.3785	233.3985	0.0000	0.0000	0.2785	0.0000	1.0323	425.8185	116.6977	0.3585	1.2823	0.0969	0.0000	0.0000	0.0000	0.0000	0.0000	0.0000	0.0000	0.0000	5.7238	42.9562	0.0000	0.0000	0.0000	0.0000	0.0000	0.0000	13.4423	0.0000	5.7715	0.0000	0.0000	42.5462	2.8277
67	"T-BP-stg5-Plant9"	69	150	"R"	"T"	"Berry plant"	2011	"Rubus"	"Acetone2011october"	5	"BP9"	0.0000	0.0000	0.0640	0.6973	3.7587	0.2227	0.0000	0.0000	0.0000	0.0000	0.0000	0.0000	0.0000	0.0000	0.0000	0.0000	0.0000	276.6093	0.0000	0.0000	0.0000	0.0000	0.0000	0.0000	0.7720	0.0000	1.5000	0.2533	0.0000	0.0000	0.0000	0.0000	0.0000	0.0000	0.6187	0.2760	0.0000	0.1800	0.8040	0.0000	0.0680	0.0000	0.0000	0.0000	0.0000	0.1413	0.0000	0.0000	0.0000	0.0000	0.0000	0.0000	0.5187	0.0000	0.0000	14.2600	337.1973	0.0000	0.0000	0.5400	0.0000	0.0000	430.2107	55.7840	0.0000	0.8387	0.0000	0.0000	0.0000	0.0000	0.0000	0.0000	0.0000	3.3653	0.0000	12.1213	64.8653	0.0000	0.1733	0.0000	0.0000	0.3573	0.0000	4.4747	0.0000	2.9253	0.0000	0.1507	42.3507	3.0240
160	"T-VG-stg5-Plant7"	62	230	"R"	"T"	"vigalzano "	2011	"Rubus"	"Acetone2011october"	5	7	0.0000	0.0000	0.1948	0.0000	0.5243	0.1687	0.0000	0.0000	0.0000	0.0000	0.0000	0.0000	0.0000	0.0000	0.0000	0.0000	0.0000	131.0000	0.0000	0.0000	0.0000	0.0000	0.0000	0.0000	1.4896	0.0000	2.6400	1.0304	0.0000	18.4452	0.0000	0.0000	0.0000	0.0000	2.4496	1.5304	0.0000	0.0000	3.6800	0.0000	0.2739	0.1200	0.0000	0.0000	0.0000	0.3148	0.2043	0.0000	0.0000	0.0000	0.0000	0.0000	0.1443	0.0000	0.0000	56.0104	353.1713	0.0000	0.0000	0.3209	0.0000	3.2043	482.6835	176.8626	0.0000	2.4478	0.5478	0.0000	0.4991	0.0000	0.0000	0.0000	0.0000	0.0000	0.0000	2.2165	13.9765	0.0504	0.1565	0.0000	0.0000	0.0000	0.1035	9.9330	0.0000	7.6948	0.0000	0.0000	4.2826	0.1852
178	"T-VG-stg5-PlantA"	59	170	"R"	"T"	"vigalzano "	2011	"Rubus"	"Acetone2011october"	5	"A"	0.0000	0.0000	0.1494	1.3729	0.4212	0.4153	0.0000	0.0000	0.0000	0.0000	0.0000	0.0000	0.0000	0.0000	0.0000	0.0000	0.0000	156.1212	0.0000	0.0000	0.0000	0.0000	0.0506	0.0000	0.9635	0.0000	1.4765	0.4788	0.0000	0.0000	0.0000	0.0000	0.0000	0.0000	0.6282	0.5447	0.0000	0.0000	1.5271	0.0000	0.1565	0.0565	0.0000	0.0000	0.0000	0.1694	0.0000	0.0000	0.0000	0.0000	0.0000	0.0000	0.1365	0.0000	0.0000	30.2929	255.1776	0.0000	0.0000	0.2765	0.0000	1.5188	288.1200	81.5059	0.0000	0.8188	0.1976	0.0000	0.0000	0.0000	0.0000	0.0000	0.0000	0.2976	0.0000	0.0000	3.7918	0.0000	0.0000	0.0000	0.0000	0.0000	0.0000	4.1388	0.0000	3.6271	0.0000	0.0000	1.3682	0.0000
61	"T-VG-stg5-PlantB"	60	180	"R"	"T"	"vigalzano "	2011	"Rubus"	"Acetone2011october"	5	"B"	0.0000	0.0000	0.0611	0.0000	0.5389	0.1511	0.0000	0.0000	0.0000	0.0000	0.0000	0.0000	0.0000	0.0000	0.0000	0.0000	0.0000	166.6711	0.0000	0.0000	0.0000	0.0000	0.0589	0.0000	2.4789	0.0000	3.5367	1.1678	0.0000	0.0000	0.0000	0.0000	0.0000	0.0000	1.7711	1.8522	0.0000	0.0000	2.9422	0.0000	0.2511	0.0867	0.0000	0.0000	0.0000	0.3600	0.3422	0.0000	0.0000	0.0000	0.0000	0.0000	0.2389	0.0000	0.0000	45.9489	383.4744	0.0000	0.4644	0.3733	0.0000	3.1111	527.1600	160.2178	0.0000	0.9056	0.0000	0.0000	0.0000	0.0000	0.0000	0.0000	0.0000	0.8667	0.0000	4.3378	38.1756	0.0000	0.2044	0.0000	0.0000	0.0000	0.0000	12.0833	0.0578	9.6522	0.0000	0.0000	19.2322	0.8822
119	"T-VG-stg5-PlantC"	61	180	"R"	"T"	"vigalzano "	2011	"Rubus"	"Acetone2011october"	5	"C"	0.0000	0.0000	0.1633	0.0000	1.0433	0.1611	0.0000	0.0000	0.0000	0.0000	0.0000	0.0000	0.0000	0.0000	0.0000	0.0000	0.0000	261.8000	0.0000	0.0000	0.0000	0.0000	0.0000	0.0000	0.8400	0.0000	3.1911	0.8567	0.0000	0.0000	0.0000	0.0000	0.0000	0.0000	1.3789	0.6089	0.0000	0.0000	3.9556	0.0000	0.1544	0.1400	0.0000	0.0000	0.0000	0.3367	0.2867	0.0000	0.0000	0.0000	0.0000	0.0000	0.1489	0.0000	0.0000	42.0289	356.3078	0.0000	0.0000	0.6744	0.0000	6.3133	414.2933	129.6044	0.0000	0.6511	0.0000	0.0000	0.0000	0.0000	0.0000	0.0000	0.0000	0.5989	0.0000	2.8900	18.2000	0.0000	0.0000	0.0000	0.0000	0.0000	0.0000	11.6500	0.0778	8.7278	0.0000	0.0000	4.6100	0.2189
170	"AG-BP-stg5-Plant1"	74	250	"Y"	"AG"	"Berry plant"	2011	"Rubus"	"Acetone2011october"	5	1	2.8232	0.0456	0.0288	4.4656	1.7024	2.5632	0.0000	1.5384	0.0000	0.0000	0.0000	0.0000	0.0000	0.0000	0.0000	0.0000	0.0000	320.8248	0.0000	0.0000	0.0000	0.0000	0.0272	0.0000	4.6176	0.0000	15.8336	19.7224	4.7480	0.0000	0.0000	0.0000	0.0000	0.0000	13.7928	0.7224	0.0000	0.0856	6.1688	0.0000	0.3560	0.2152	0.0000	0.0000	0.0000	0.5328	0.0000	0.0000	0.0000	0.0000	0.0000	0.0000	0.1816	0.0000	0.0000	2.2016	117.8016	0.0000	0.0000	0.1576	0.0000	0.0000	324.6040	110.7512	0.0000	1.0112	0.6288	0.0000	0.0000	0.0000	0.0000	0.0000	0.0000	0.1312	0.0000	6.0408	0.0000	0.0488	0.2416	0.0000	0.0000	0.0000	0.0000	0.1112	0.0000	4.0576	0.0000	0.0000	3.4808	0.0000
177	"AG-BP-stg5-Plant12"	83	160	"Y"	"AG"	"Berry plant"	2011	"Rubus"	"Acetone2011october"	5	12	0.0000	0.0225	0.0000	0.0000	0.2075	0.8525	0.0000	0.0000	0.0000	0.0000	0.0000	0.0000	0.0000	0.0000	0.0000	0.0000	0.0000	201.7225	0.0000	0.0000	0.0000	0.0000	0.1188	0.0000	1.8325	0.0000	9.8875	5.1338	1.2238	0.0000	0.0000	0.0000	0.0000	0.0000	30.1213	3.3475	0.0000	0.0000	9.6650	0.0000	0.7013	1.3313	0.0000	0.0000	0.0000	0.6763	0.0000	0.0000	0.0000	0.0000	0.0000	0.0000	0.0188	0.0000	0.0000	12.2600	272.8488	0.0000	0.0000	0.2988	0.0000	0.0000	568.0288	169.1113	0.0000	0.9550	0.0000	0.0000	0.0000	0.0000	0.0000	0.0000	0.0000	0.3275	0.0000	10.9375	0.0000	0.0000	0.1150	0.0000	0.0000	0.0000	0.0000	0.2338	0.0000	2.1200	0.0000	0.3688	14.8300	0.2350
145	"AG-BP-stg5-Plant2"	75	200	"Y"	"AG"	"Berry plant"	2011	"Rubus"	"Acetone2011october"	5	2	0.0000	0.0000	0.0000	1.0890	0.3280	1.3070	0.0000	0.0000	0.0000	0.0000	0.0000	0.0000	0.0000	0.0000	0.0000	0.0000	0.0000	434.9260	0.0000	0.0000	0.0000	0.0000	0.1450	0.0000	7.2830	0.0000	21.7200	9.2790	0.0000	21.3210	0.0000	0.0000	0.0000	0.0000	11.7000	1.6210	0.0000	0.0890	0.0000	0.0000	0.3880	0.2320	0.0000	0.0000	0.0000	0.8540	0.4220	0.0000	0.0000	0.0000	0.0000	0.0000	0.0130	0.0000	0.0000	7.2950	384.2030	0.0000	0.0000	0.5970	0.0000	0.0000	977.7130	191.2540	0.0000	1.7680	0.5120	0.0000	0.0000	0.0000	0.0000	0.0000	0.0000	0.2260	0.0000	15.2080	1.9850	0.2290	0.2950	0.0000	0.0000	0.0000	0.0000	0.1500	0.0000	1.5830	0.0000	0.2400	27.5470	0.3380
110	"AG-BP-stg5-Plant3"	76	300	"Y"	"AG"	"Berry plant"	2011	"Rubus"	"Acetone2011october"	5	3	1.0600	0.0413	0.0000	0.5660	0.4067	0.0000	0.0000	0.1647	0.0000	0.0000	0.0000	0.0000	0.0000	0.0000	0.0000	0.0000	0.0000	268.0133	0.0000	0.0000	0.0000	0.0000	0.0220	0.0000	4.5207	0.0000	12.7927	10.7913	0.3647	0.0000	0.0000	0.0000	0.0000	0.0000	11.4793	1.4060	0.0000	0.0633	2.4100	0.0000	0.2453	0.1200	0.0000	0.0000	0.0000	0.5507	0.1280	0.0000	0.0000	0.0000	0.0000	0.0160	0.1340	0.0000	0.0000	3.0613	134.3113	0.0000	0.0000	0.1860	0.0000	0.0000	333.0127	76.4987	0.0000	0.7213	0.0000	0.0000	0.0000	0.0000	0.0000	0.0000	0.0000	0.1280	0.0000	3.1167	0.3220	0.0000	0.0000	0.0000	0.0000	0.0000	0.0000	0.0000	0.0000	1.6827	0.0000	0.0000	5.4580	0.1987
31	"AG-BP-stg5-Plant4"	77	280	"Y"	"AG"	"Berry plant"	2011	"Rubus"	"Acetone2011october"	5	4	2.0843	0.0000	0.0000	1.1243	0.3536	1.5864	0.0000	0.0843	0.0000	0.0000	0.0000	0.0000	0.0000	0.0000	0.0000	0.0000	0.0000	285.0750	0.0000	0.0000	0.0000	0.0000	0.0000	0.0000	9.0964	0.0000	16.3479	8.8971	0.5836	0.0000	0.0721	0.0000	1.4614	0.0000	7.5621	0.9714	0.0000	0.1093	0.0000	0.0000	0.3036	0.1771	0.0000	0.0000	0.0000	0.5886	0.3771	0.0000	0.0000	0.0000	0.0000	0.0000	0.0279	0.0000	0.0000	2.6614	215.1379	0.0000	0.0000	0.4864	0.0000	0.0000	626.2071	129.2257	0.0000	1.1586	0.0000	0.0000	0.0000	0.0000	0.0000	0.0000	0.0000	0.7207	0.0000	12.9893	1.4471	0.0000	0.1950	0.0000	0.0000	0.0000	0.0000	0.1293	0.0000	1.3571	0.0000	0.0000	40.1086	0.6650
158	"AG-BP-stg5-Plant5"	78	200	"Y"	"AG"	"Berry plant"	2011	"Rubus"	"Acetone2011october"	5	5	0.0000	0.0000	0.0000	0.0000	0.1390	0.2380	0.0000	0.0000	0.0000	0.0000	0.0000	0.0000	0.0000	0.0000	0.0000	0.0000	0.0000	104.7480	0.0000	0.0000	0.0000	0.0000	0.0000	0.0000	2.9120	0.0000	3.1400	0.9430	0.7410	0.0000	0.0000	0.0000	0.0000	0.0000	9.4540	2.3520	0.0000	0.0000	0.9940	0.0000	0.0740	0.1830	0.0000	0.0000	0.0000	0.3040	0.0000	0.0000	0.0000	0.0000	0.0000	0.0000	0.0700	0.0000	0.0000	11.1860	126.6220	0.0000	0.0000	0.0950	0.0000	0.0000	230.3680	57.5980	0.0000	1.5340	0.9170	0.0000	0.0000	0.0000	0.0000	0.0000	0.0000	0.3700	0.0000	12.0880	1.7580	0.0000	0.1880	0.0000	0.0000	0.0000	0.0000	0.2540	0.0000	1.1220	0.0000	0.3680	34.2810	1.3880
165	"AG-BP-stg5-Plant6"	79	340	"Y"	"AG"	"Berry plant"	2011	"Rubus"	"Acetone2011october"	5	6	0.0000	0.0165	0.0035	0.0000	0.3512	0.4024	0.0000	0.0000	0.0000	0.0000	0.0000	0.0000	0.0000	0.0000	0.0000	0.0000	0.0000	179.6806	0.0224	0.0000	0.0000	0.0000	0.1353	0.0000	4.6741	0.0000	9.8812	4.1541	0.7253	0.0000	0.0000	0.0000	0.0000	0.0000	15.3935	2.7200	0.0000	0.0718	1.7800	0.0000	0.1371	0.1941	0.0000	0.0000	0.0000	0.3676	0.1453	0.0000	0.0000	0.0000	0.0000	0.0000	0.0412	0.4694	0.0000	5.1476	180.7365	0.0000	0.0000	0.2871	0.0000	0.4524	377.5965	90.0582	0.0000	1.0559	0.2406	0.0000	0.0000	0.0000	0.0000	0.0000	0.0000	0.4553	0.0000	14.1594	1.7194	0.0000	0.2241	0.0000	0.0000	0.0000	0.0000	0.4006	0.0000	0.9976	0.0000	0.1182	34.6724	0.6947
143	"AG-BP-stg5-Plant7"	80	260	"Y"	"AG"	"Berry plant"	2011	"Rubus"	"Acetone2011october"	5	7	0.0000	0.0000	0.0000	0.6485	1.6415	1.2431	0.0000	0.0000	0.0000	0.0000	0.0000	0.0000	0.0000	0.0000	0.0000	0.0000	0.0000	151.1862	0.0000	0.0000	0.0000	0.0000	0.0000	0.0000	3.0785	0.0000	10.7246	7.0654	0.4700	0.0000	0.0000	0.0000	0.0000	0.0000	14.0854	0.8408	0.0000	0.0746	0.0000	0.0000	0.0954	0.3123	0.0000	0.0000	0.0000	0.4292	0.1862	0.0000	0.0000	0.0000	0.0000	0.0000	0.0985	0.0000	0.0000	5.3877	225.3208	0.0000	0.0000	0.2862	0.0000	0.0000	442.5462	123.6208	0.0000	0.9577	0.1392	0.0000	0.0000	0.0000	0.0000	0.0000	0.0000	0.6392	0.0000	16.8223	2.4669	0.0000	0.4100	0.0000	0.0000	0.0000	0.0000	0.3592	0.0000	2.7162	0.0000	0.1969	50.4046	1.0138
152	"AG-BP-stg5-Plant8"	81	150	"Y"	"AG"	"Berry plant"	2011	"Rubus"	"Acetone2011october"	5	8	0.0000	0.0000	0.0000	1.8680	0.2347	1.2600	0.0000	0.0000	0.0000	0.0000	0.0000	0.0000	0.0000	0.0000	0.0000	0.0000	0.0000	417.6840	0.1280	0.0000	0.0000	0.0000	0.0000	0.0000	8.2787	0.0000	25.0973	10.1187	0.6307	0.0000	0.0000	0.0000	0.0000	0.0000	10.6973	1.9987	0.0000	0.0000	0.0000	0.0000	0.2947	0.1893	0.0000	0.0000	0.0000	0.9347	0.0000	0.0000	0.0000	0.0000	0.0000	0.0000	0.0187	0.0000	0.0000	6.9853	445.8867	0.0000	0.0000	0.6867	0.0000	0.0000	1072.6560	233.9333	0.0000	1.6027	0.0000	0.0000	0.0000	0.0000	0.0000	0.0000	0.0000	0.2280	0.0000	15.8187	2.0000	0.0000	0.2627	0.0000	0.0000	0.0000	0.1640	0.1280	0.0000	1.4787	0.0000	0.1560	29.7293	0.0000
181	"AG-BP-stg5-Plant9"	82	120	"Y"	"AG"	"Berry plant"	2011	"Rubus"	"Acetone2011october"	5	9	0.0000	0.0000	0.0000	0.0000	0.0000	0.5833	0.0000	0.0000	0.0000	0.0000	0.0000	0.0000	0.0000	0.0000	0.0000	0.0000	0.0000	277.7617	0.0000	0.0000	0.0000	0.0000	0.0633	0.0000	8.1650	0.0000	9.8717	6.4533	0.0000	0.0000	0.0000	0.0000	0.0000	0.0000	18.2533	3.7083	0.0000	0.0000	2.8867	0.0000	0.1567	0.3217	0.0000	0.0000	0.0000	0.5550	0.0000	0.0000	0.0000	0.0000	0.0000	0.0000	0.0000	0.0000	0.0000	11.4250	318.2633	0.0000	0.0000	0.2817	0.0000	0.0000	550.0700	140.5883	0.0000	0.8533	0.0000	0.0000	0.0000	0.0000	0.0000	0.0000	0.0000	0.3217	0.0000	11.9817	2.4000	0.0000	0.1933	0.0000	0.0000	0.0000	0.0000	0.2450	0.0000	1.0633	0.0000	0.0000	26.2217	0.0000
103	"Anne-VG-stg5-Plant1"	151	290	"Y"	"Anne"	"vigalzano "	2011	"Rubus"	"Acetone2011october"	5	1	0.0000	0.0000	0.0221	0.0000	0.6297	0.3869	0.0000	0.0000	0.0000	0.0000	0.0000	0.0000	0.0000	0.0000	0.0000	0.0000	0.0000	132.0283	0.0000	0.0000	0.0000	0.0000	0.0441	0.0000	1.6159	0.0000	2.7483	1.2186	0.9055	0.0000	0.0000	0.0000	0.0000	0.0000	2.9897	2.3352	0.0000	0.1055	6.2959	0.0000	0.2614	0.3959	0.0000	0.0000	0.0000	0.4117	0.1476	0.0000	0.0000	0.0000	0.0000	0.0000	0.0628	0.6690	0.0000	25.4193	190.3538	0.0000	0.0000	0.2214	0.0000	0.0000	394.9352	169.0903	0.0000	2.9069	1.0000	0.0000	0.0000	0.0000	0.0000	0.0000	0.0000	2.9303	0.0000	13.9117	95.2159	0.0000	0.3069	0.0000	0.0000	0.0655	0.0000	7.6793	0.0455	1.6007	0.0000	0.1152	57.9359	2.7041
173	"Anne-VG-stg5-Plant2"	152	320	"Y"	"Anne"	"vigalzano "	2011	"Rubus"	"Acetone2011october"	5	2	0.0000	0.0000	0.0394	0.4288	0.5850	0.2244	0.0000	0.1081	0.0000	0.0000	0.0000	0.0000	0.0000	0.0000	0.0000	0.0000	0.0000	164.2294	0.0000	0.0000	0.0000	0.0000	0.0719	0.0000	0.8469	0.0000	2.8963	0.9563	0.2981	0.0000	0.0000	0.0000	0.0000	0.0000	2.8300	1.6163	0.0000	0.0000	7.1556	0.0000	0.0913	0.2094	0.0000	0.0000	0.0000	0.4913	0.2913	0.0000	0.0000	0.0000	0.0000	0.0000	0.0431	0.4300	0.0000	12.6575	171.4819	0.0000	0.0000	0.3169	0.0000	0.0000	367.7869	114.1881	0.0000	2.5681	1.9494	0.0000	0.0000	0.0000	0.0000	0.0000	0.0000	3.0875	0.0000	18.3644	99.1931	0.0000	0.0000	0.0000	0.0000	0.3144	0.0000	8.3994	0.0563	2.3781	0.0000	0.2869	59.7475	2.6613
109	"Anne-VG-stg5-Plant3"	153	350	"Y"	"Anne"	"vigalzano "	2011	"Rubus"	"Acetone2011october"	5	3	0.0000	0.0000	0.0794	0.5783	0.3166	0.1023	0.0000	0.0000	0.0000	0.0000	0.0000	0.0000	0.0000	0.0000	0.0000	0.0000	0.0000	116.2794	0.0000	0.0000	0.0000	0.0000	0.0571	0.0000	1.6217	0.0000	2.3497	0.9423	1.2131	12.1383	0.0000	0.0000	0.0000	0.0000	1.9217	1.2474	0.0000	0.0697	4.5217	0.0000	0.1200	0.1309	0.0000	0.0000	0.0000	0.4789	0.1800	0.0000	0.0000	0.0000	0.0000	0.0000	0.0869	0.0000	0.0000	13.5257	156.5074	0.0000	0.0000	0.2629	0.0000	0.0000	333.9011	109.4903	0.0000	2.0280	1.3297	0.0000	0.0000	0.0000	0.0000	0.0000	0.0000	0.2143	0.0000	2.6526	18.3863	0.0000	0.1057	0.0000	0.0000	0.0931	0.0000	1.8726	0.0000	0.8640	0.0000	0.0617	5.4491	0.3183
99	"Anne-VG-stg5-Plant4"	154	290	"Y"	"Anne"	"vigalzano "	2011	"Rubus"	"Acetone2011october"	5	4	0.0000	0.0000	0.0386	0.0000	0.2434	0.2834	0.0000	0.0000	0.0000	0.0000	0.0000	0.0000	0.0000	0.0000	0.0000	0.0000	0.0000	135.7876	0.0000	0.0000	0.0000	0.0000	0.0400	0.0000	2.1372	0.0000	2.6641	0.8814	0.4331	0.0000	0.0000	0.0000	0.0000	0.0000	4.1524	1.4393	0.0000	0.0000	2.6166	0.0000	0.0766	0.1366	0.0000	0.0000	0.0000	0.3545	0.0000	0.0000	0.0000	0.0000	0.0000	0.0000	0.1366	0.0000	0.0000	23.0393	130.8379	0.0000	0.0000	0.1166	0.0000	0.0000	243.8034	99.4931	0.0000	2.1200	1.4359	0.0000	0.0000	0.0000	0.0000	0.0000	0.0000	2.5986	0.0000	10.6428	58.6186	0.0000	0.1841	0.0000	0.0000	0.0724	0.0000	3.8462	0.0538	0.6048	0.0000	0.0000	27.3241	1.2883
44	"FG-VG-stg5-Plant1"	149	310	"Y"	"FG"	"vigalzano "	2011	"Rubus"	"Acetone2011october"	5	1	0.0000	0.0000	0.0000	0.1574	0.1252	0.3510	0.0000	0.0000	0.0000	0.0000	0.0000	0.0000	0.0000	0.0000	0.0000	0.0000	0.0000	84.8277	0.0000	0.0000	0.0000	0.0000	0.0000	0.0000	0.9535	0.0000	0.9458	0.1671	0.0000	0.0000	0.0000	0.0000	1.4258	0.0000	0.6400	0.1135	0.0000	0.0000	20.4619	0.0000	0.1910	0.1432	0.0000	0.0000	0.0000	0.4071	0.2181	0.0000	0.0000	0.0000	0.0000	0.0000	0.0097	0.0000	0.0000	7.3258	290.4348	0.0000	0.0000	0.4445	0.0000	0.0000	601.5529	80.3703	0.0000	1.2052	1.3168	0.0000	0.0000	0.0000	0.0000	0.0000	0.0000	0.0639	0.0000	0.9981	0.7342	0.0587	0.1400	0.0000	0.0000	0.0690	0.0000	3.8994	0.0000	0.1606	0.0000	0.0000	3.9703	0.1290
25	"FG-VG-stg5-Plant2"	150	120	"Y"	"FG"	"vigalzano "	2011	"Rubus"	"Acetone2011october"	5	2	0.0000	0.0000	0.0000	0.0000	0.5033	0.6400	0.0000	0.0000	0.0000	0.0000	0.0000	0.0000	0.0000	0.0000	0.0000	0.0000	0.0000	158.5533	0.0000	0.0000	0.0000	0.0000	0.0983	0.0000	0.4117	0.0000	1.4650	0.0000	0.0000	0.0000	0.0000	0.0000	3.7850	0.0000	0.2183	0.0000	0.0000	0.0000	27.5850	0.0000	0.1083	0.5717	0.0000	0.0000	0.0000	0.4117	0.0000	0.0000	0.0000	0.0000	0.0000	0.0000	0.0800	0.0000	0.0000	14.7267	277.4250	0.0000	0.0000	0.1217	0.0000	0.0000	604.1383	144.3133	0.0000	1.3350	1.1100	0.0000	0.0000	0.0000	0.0000	0.0000	0.0000	1.0467	0.0000	16.0133	5.9583	0.5833	0.1800	0.0000	0.0000	1.2850	0.3800	40.3283	0.1333	0.2333	0.0000	0.0000	111.0450	6.9450
32	"GQ-VG-stg5-Plant1"	147	150	"Y"	"GQ"	"vigalzano "	2011	"Rubus"	"Acetone2011october"	5	1	0.0000	0.0000	0.0000	0.8347	0.2640	0.3987	0.0000	0.0000	0.0000	0.0000	0.0000	0.0000	0.0000	0.0000	0.0000	0.0000	0.0000	144.3573	0.0000	0.0000	0.0000	0.0000	0.0000	0.0000	3.6293	0.0000	2.2107	1.1280	0.0000	0.0000	0.0000	0.0000	3.2560	0.0000	0.9773	0.9600	0.0000	0.1813	15.7653	0.0000	0.5360	0.1080	0.0000	0.0000	0.0000	1.3147	0.0000	0.0000	0.0000	0.0000	0.0000	0.0000	0.0693	0.0000	0.0000	14.0533	345.8360	0.0000	0.0000	0.1000	0.0000	0.0000	820.8747	165.1973	0.0000	2.1520	1.2160	0.0000	0.0000	0.0000	0.0000	0.0000	0.0000	0.0000	0.0000	0.0000	10.0280	0.0000	0.0000	0.0000	0.0000	0.0000	0.0000	1.8213	0.0000	2.0827	0.0000	0.1387	1.6587	0.0000
88	"GQ-VG-stg5-Plant2"	148	120	"Y"	"GQ"	"vigalzano "	2011	"Rubus"	"Acetone2011october"	5	2	0.0000	0.0000	0.0000	0.0000	0.2367	0.4183	0.0000	0.0000	0.0000	0.0000	0.0000	0.0000	0.0000	0.0000	0.0000	0.0000	0.0000	163.1017	0.0000	0.0000	0.0000	0.0000	0.0000	0.0000	4.7717	0.0000	1.6183	0.8850	0.0000	0.0000	0.0000	0.0000	3.6150	0.0000	1.4867	1.0917	0.0000	0.2300	18.0400	0.0000	0.4750	0.1133	0.0000	0.0000	0.0000	1.1267	0.4583	0.0000	0.0000	0.0000	0.0000	0.0000	0.0650	0.0000	0.0000	17.8433	396.8317	0.0000	0.0000	0.1917	0.0000	0.0000	826.4000	195.0883	0.0000	1.9883	0.7100	0.0000	0.0000	0.0000	0.0000	0.0000	0.0000	0.0000	0.0000	0.0000	9.5800	0.0933	0.1350	0.0000	0.0000	0.0883	0.0000	1.7767	0.0000	2.2317	0.0000	0.0000	2.2650	0.0000
174	"SG-BP-stg5-Plant1"	70	260	"Y"	"SG"	"Berry plant"	2011	"Rubus"	"Acetone2011october"	5	1	0.0000	0.0631	0.0446	3.0315	1.4523	2.3077	0.0000	1.1308	0.0000	0.0000	0.0000	0.0000	0.0000	0.0608	0.0000	0.0000	0.0000	334.0038	0.0000	0.0000	0.0000	0.0000	0.0623	0.0000	3.7408	0.0000	15.1977	17.5515	2.4908	0.0000	0.0000	0.0000	1.8254	0.0000	12.6354	1.0192	0.0000	0.0000	5.3462	0.0000	0.2115	0.2477	0.0000	0.0000	0.0000	0.3138	0.0000	0.0000	0.0000	0.0000	0.0000	0.0000	0.0992	0.0000	0.0000	2.0900	101.3908	0.0000	0.0000	0.1054	0.0000	0.0000	298.3069	93.0269	0.0000	0.8962	0.6046	0.0000	0.0000	0.0000	0.0000	0.0000	0.0000	0.0000	0.0000	4.8423	0.0000	0.0769	0.0000	0.0000	0.0000	0.0000	0.0862	0.0615	0.0000	3.4277	0.0000	0.2254	3.4700	0.2377
64	"SG-BP-stg5-Plant2"	71	320	"Y"	"SG"	"Berry plant"	2011	"Rubus"	"Acetone2011october"	5	2	0.0000	0.1313	0.0200	0.5281	0.4694	0.1200	0.0000	0.0000	0.0000	0.0000	0.0000	0.0000	0.0000	0.0000	0.0000	0.0000	0.0000	109.3644	0.0000	0.0000	0.0000	0.0000	0.0613	0.0000	0.3850	0.0000	1.1700	0.7006	1.5925	0.0000	0.0000	0.0000	0.0000	0.0000	6.7394	4.2269	0.0000	0.0000	3.0556	0.0000	0.0950	0.1025	0.0000	0.0000	0.0000	0.3375	0.2156	0.0000	0.0000	0.0000	0.0000	0.0000	0.0844	0.0000	0.0000	27.0400	274.8706	0.0000	0.0000	0.3594	0.0000	0.0000	581.0413	159.3944	0.0000	1.4350	0.3194	0.0000	0.0000	0.0000	0.0000	0.0000	0.0000	0.0000	0.0000	0.1956	1.0213	0.0000	0.0000	0.0000	0.0000	0.0000	0.0000	0.9038	0.0000	0.0000	0.0000	0.0000	0.6000	0.0000
106	"SG-BP-stg5-Plant3"	72	350	"Y"	"SG"	"Berry plant"	2011	"Rubus"	"Acetone2011october"	5	3	0.0000	0.4046	0.0469	0.5303	0.4926	0.1280	0.0000	0.0000	0.0000	0.0000	0.0000	0.0000	0.0000	0.0000	0.0000	0.0000	0.0000	107.4886	0.0000	0.0000	0.0000	0.0000	0.0000	0.0000	0.4109	0.0000	0.9571	0.7731	0.9377	0.0000	0.0000	0.0000	0.0000	0.0000	4.7297	3.4091	0.0000	0.0000	2.7029	0.0000	0.1611	0.1223	0.0000	0.0000	0.0000	0.2417	0.2297	0.0000	0.0000	0.0000	0.0000	0.0000	0.1006	0.0000	0.0000	33.1977	294.9434	0.0000	0.0000	0.4623	0.0000	0.0000	704.9583	215.4880	0.0000	1.3429	0.8394	0.0000	0.0000	0.0000	0.0000	0.0000	0.0000	0.0000	0.0000	2.0520	17.9040	0.0000	0.0000	0.0000	0.0000	0.0474	0.0000	9.4823	0.0000	0.7417	0.0000	0.0000	8.6737	0.1966
34	"SG-BP-stg5-Plant4"	73	230	"Y"	"SG"	"Berry plant"	2011	"Rubus"	"Acetone2011october"	5	4	0.0000	0.0000	0.1017	3.1009	0.9687	0.1191	0.0000	0.0000	0.0000	0.0000	0.0000	0.0000	0.0000	0.0000	0.0000	0.0000	0.0000	208.5104	0.0000	0.0000	0.0000	0.0000	0.0000	0.0000	2.4974	0.0000	3.0139	13.6635	3.6948	0.0000	0.0000	0.0000	0.0000	0.0000	7.7496	3.3043	0.0000	0.0000	3.1678	0.0000	0.3626	0.3026	0.0000	0.0000	0.0000	0.2687	0.0000	0.0000	0.0000	0.0000	0.0000	0.0000	0.1478	0.0000	0.0000	91.2504	455.2591	0.0000	0.0000	0.5087	0.0000	0.0000	723.4096	376.8870	0.0000	0.8365	0.1696	0.0000	0.0000	0.0000	0.0000	0.0000	0.0000	0.0000	0.0000	0.2243	0.5687	0.0000	0.0000	0.0000	0.0000	0.0000	0.0000	0.0991	0.0000	0.1800	0.0000	0.0000	0.2243	0.0000
